title,publish_date,url,language
"After 16 years in power, Putin's closest friend in Europe faces a pivotal election",2026-04-11,https://www.nbcnews.com/world/hungary/16-years-power-putins-closest-friend-europe-faces-pivotal-election-rcna273664,en
"Hungarians vote in landmark election closely watched by EU, Russia, US",2026-04-11,https://www.reuters.com/world/europe/hungarians-vote-landmark-election-closely-watched-by-eu-russia-us-2026-04-11/,en
Longtime Prime Minister Viktor Orbán faces major challenges in Hungary's elections,2026-04-11,https://www.npr.org/2026/04/11/nx-s1-5773249/longtime-prime-minister-viktor-orban-faces-major-challenges-in-hungarys-elections,en
Affordability Could Sink A Major Trump Ally In Europe,2026-04-11,https://www.huffpost.com/entry/trump-orban-campaign_n_69d8182fe4b0ccb589ebd505,en
Orbán's Hungary drove a top university campus into exile. JD Vance said it should be a model for the U.S.,2026-04-11,https://www.nbcnews.com/world/europe/orban-hungary-university-exile-jd-vance-model-us-rcna267253,en
Czech Prime Minister Babis backs Hungary's Orban ahead of vote,2026-04-11,https://www.reuters.com/world/czech-prime-minister-babis-backs-hungarys-orban-ahead-vote-2026-04-11/,en
Trump-Ally Orban Trails in Polls Ahead of Hungary’s Election,2026-04-10,https://www.nytimes.com/video/world/europe/100000010833976/orban-magyar-hungary-election.html,en
The EU Picks Up USAID's Slack In Funding Foreign Election NGOs Across Europe,2026-04-10,https://dailycaller.com/2026/04/10/european-union-serbia-hungary-usaids-foreign-election-interference-europe/,en
Hungarian election could end Orbán's grip on power and alter Europe's political landscape,2026-04-10,https://www.pbs.org/newshour/show/hungarian-election-could-end-orbans-grip-on-power-and-alter-europes-political-landscape,en
"Morning Mail: Israel calls for Lebanon talks, road traffic falls amid fuel crisis, how to solve a poo ball problem",2026-04-09,https://www.theguardian.com/australia-news/2026/apr/10/morning-mail-friday-ntwnfb,en
Polls in Hungary and Peru next in key election year for world markets,2026-04-10,https://www.reuters.com/world/global-markets-election-corrected-graphic-2026-04-10/,en
"Exclusive: Coordinated Telegram posts push pro-Orban narratives on eve of Hungary vote, research shows",2026-04-10,https://www.reuters.com/business/media-telecom/coordinated-telegram-posts-push-pro-orban-narratives-eve-hungary-vote-research-2026-04-10/,en
Key facts about Sunday's election in Hungary and possible outcomes,2026-04-10,https://www.reuters.com/world/key-facts-about-sundays-election-hungary-possible-outcomes-2026-04-10/,en
Viktor Orban's chances of winning Hungary election hit new low,2026-04-10,https://www.newsweek.com/viktor-orban-chances-winning-hungary-election-hit-new-low-11810597,en
Ohio continues to delay court-ordered nursing home payments: Capitol Letter,2026-04-10,https://www.cleveland.com/open/2026/04/ohio-continues-to-delay-court-ordered-nursing-home-payments-capitol-letter.html,en
Orban's rural base still backs the Hungarian leader ahead of Sunday’s pivotal vote,2026-04-09,https://www.latimes.com/world-nation/story/2026-04-09/orbans-rural-base-still-backs-hungarian-leader-ahead-of-vote,en
Orban’s Re-Election Odds Decline After JD Vance Endorsement Speech — Report,2026-04-09,https://www.inquisitr.com/orbans-re-election-odds-decline-after-jd-vance-endorsement-speech-report/,en
"Why Hungary’s election matters for Orbán, EU unity and Ukraine",2026-04-09,https://www.reuters.com/markets/econ-world/small-country-big-election-2026-04-09/,en
Orban's chances of winning Hungary election drop after JD Vance rally,2026-04-09,https://www.newsweek.com/viktor-orban-hungary-election-jd-vance-rally-11804123,en
Hungary's election could end Orban era and reshape its place in Europe,2026-04-09,https://www.reuters.com/world/europe/hungarys-election-could-end-orban-era-reshape-its-place-europe-2026-04-09/,en
Investors position for a post-Orban Hungary,2026-04-09,https://www.reuters.com/world/investors-position-post-orban-hungary-2026-04-09/,en
"Morning Mail: Trump’s countdown to destruction, Greens champion ‘progressive populism’, Kanye West banned from UK",2026-04-07,https://www.theguardian.com/australia-news/2026/apr/08/morning-mail-wednesday-ntwnfb,en
Vance tries to boost ailing MAGA ally ahead of Hungary election,2026-04-08,https://www.nbcnews.com/world/hungary/vance-orban-hungary-maga-election-rcna267086,en
"Hungary's Tisza party seen winning two-thirds majority in parliament, Median projection shows",2026-04-08,https://www.reuters.com/world/hungarys-tisza-party-seen-winning-two-thirds-majority-parliament-median-2026-04-08/,en
Trump praises Hungary PM Viktor Orbán after Vance calls him at Budapest rally,2026-04-07,https://www.cnbc.com/2026/04/07/trump-vance-orban-hungary-iran-war.html,en
JD Vance heads to Hungary to support Viktor Orbán ahead of high-stakes election,2026-04-07,https://www.cnbc.com/2026/04/07/jd-vance-visits-hungary-viktor-orban-trump-russia-eu.html,en
"In Hungary’s elections, the war in Ukraine looms large",2026-04-06,https://www.csmonitor.com/World/Europe/2026/0406/hungary-election-viktor-orban-peter-magyar-ukraine-war?icid=rss,en
Vice President Vance visits Hungary to boost Orban ahead of pivotal election,2026-04-07,https://www.reuters.com/world/europe/vice-president-vance-visits-hungary-boost-orban-ahead-pivotal-election-2026-04-07/,en
"A hidden Russian hand in Hungary's election? Actually, it's quite open.",2026-04-06,https://www.bostonglobe.com/2026/04/06/world/hidden-russian-hand-hungarys-election-actually-its-quite-open/,en
Hungary puts gas pipeline under military protection amid false-flag accusations,2026-04-06,https://www.theguardian.com/world/2026/apr/06/hungary-puts-gas-pipeline-under-military-protection-amid-false-flag-accusations,en
"Younger Hungarian voters spurn Orban, some say they will leave if he is re-elected",2026-04-06,https://www.reuters.com/world/younger-hungarian-voters-spurn-orban-some-say-they-will-leave-if-he-is-re-2026-04-06/,en
Alleged explosives find near gas pipeline raises heat days before Hungary’s pivotal election,2026-04-05,https://www.cnn.com/2026/04/05/europe/serbia-pipeline-hungary-russia-intl,en
"Explosives found in Serbia near gas pipeline supplying Hungary, leaders say",2026-04-05,https://www.reuters.com/world/hungarys-pm-orban-says-explosives-found-near-gas-infrastructure-serbia-2026-04-05/,en
Vance Sets April 7-8 Hungary Visit With Orban,2026-04-02,https://www.newsmax.com/newsfront/jd-vance-viktor-orban-hungary/2026/04/02/id/1251684/,en
"At Village Pub in Orban's Heartland, Hungary's Vote Plays Out Over Pints",2026-04-02,https://www.usnews.com/news/world/articles/2026-04-02/at-village-pub-in-orbans-heartland-hungarys-vote-plays-out-over-pints,en
"At village pub in Orban's heartland, Hungary's vote plays out over pints",2026-04-02,https://www.reuters.com/world/village-pub-orbans-heartland-hungarys-vote-plays-out-over-pints-2026-04-02/,en
Hungary Election Polls Show Opposition Tisza Widening Lead Over Orban's Fidesz,2026-04-01,https://www.usnews.com/news/world/articles/2026-04-01/hungary-election-polls-show-opposition-tisza-widening-lead-over-orbans-fidesz,en
Hungary election polls show opposition Tisza widening lead over Orban's Fidesz,2026-04-01,https://www.reuters.com/world/hungary-election-polls-show-opposition-tisza-widening-lead-over-orbans-fidesz-2026-04-01/,en
"‘Dangerous’ Mamdani won’t ‘protect Jews from the mob,’ 103-year-old holocaust survivor warns",2026-03-31,https://nypost.com/2026/03/31/us-news/dangerous-mamdani-wont-protect-jews-from-the-mob-103-year-old-holocaust-survivor-warns/,en
Hungary Foreign Minister Discussed EU Sanctions With Russia in Leaked Audio,2026-03-31,https://www.usnews.com/news/world/articles/2026-03-31/hungary-foreign-minister-discussed-eu-sanctions-with-russia-in-leaked-audio,en
Hungary foreign minister discussed EU sanctions with Russia in leaked audio,2026-03-31,https://www.reuters.com/business/media-telecom/hungary-foreign-minister-discussed-eu-sanctions-with-russia-leaked-audio-2026-03-31/,en
U.S. Conservatives Watch Nervously as Orban Faces Tough Test in Hungary Vote,2026-03-31,https://www.usnews.com/news/world/articles/2026-03-31/u-s-conservatives-watch-nervously-as-orban-faces-tough-test-in-hungary-vote,en
US conservatives watch nervously as Orban faces tough test in Hungary vote,2026-03-31,https://www.reuters.com/world/europe/us-conservatives-watch-nervously-orban-faces-tough-test-hungary-vote-2026-03-31/,en
The First Post-Reality Political Campaign,2026-03-27,https://www.theatlantic.com/ideas/2026/03/hungary-first-post-reality-political-campaign/686565/?utm_source=feed,en
EU Hopes Hungarian Election Will Bring End to Orban's Blockades,2026-03-27,https://www.usnews.com/news/world/articles/2026-03-27/eu-hopes-hungarian-election-will-bring-end-to-orbans-blockades,en
EU hopes Hungarian election will bring end to Orban's blockades,2026-03-27,https://www.reuters.com/world/eu-hopes-hungarian-election-will-bring-end-orbans-blockades-2026-03-27/,en
Hungary Government Accuses Journalist of Spying for Ukraine,2026-03-26,https://www.usnews.com/news/world/articles/2026-03-26/hungary-government-accuses-journalist-of-spying-for-ukraine,en
Hungary government accuses journalist of spying for Ukraine,2026-03-26,https://www.reuters.com/business/media-telecom/hungary-government-accuses-journalist-spying-ukraine-2026-03-26/,en
White House tries to blame Democrats for airport delays as TSA workers miss out on $1bn in pay – US politics live,2026-03-25,https://www.theguardian.com/us-news/live/2026/mar/25/donald-trump-classified-documents-us-politics-live-latest,en
"Once Inspired by Orban, Hungary's Peter Magyar Now Leads the Charge to Unseat Him",2026-03-25,https://www.usnews.com/news/world/articles/2026-03-25/once-inspired-by-orban-hungarys-peter-magyar-now-leads-the-charge-to-unseat-him,en
Hungary's Orban Faces Pivotal Battle Against Ally-Turned-Foe,2026-03-25,https://www.usnews.com/news/world/articles/2026-03-25/hungarys-orban-faces-pivotal-battle-against-ally-turned-foe,en
Factbox-What's at Stake in Hungary's Parliamentary Election?,2026-03-25,https://www.usnews.com/news/world/articles/2026-03-25/factbox-whats-at-stake-in-hungarys-parliamentary-election,en
"Hungary's Opposition Tisza Party Widens Lead Over Orban's Fidesz, Poll Says",2026-03-25,https://www.usnews.com/news/world/articles/2026-03-25/hungarys-opposition-tisza-party-widens-lead-over-orbans-fidesz-poll-says,en
"Hungary's opposition Tisza party widens lead over Orban's Fidesz, poll says",2026-03-25,https://www.reuters.com/business/media-telecom/hungarys-opposition-tisza-party-widens-lead-over-orbans-fidesz-poll-says-2026-03-25/,en
Hungary's Orban faces pivotal battle against ally-turned-foe,2026-03-25,https://www.reuters.com/world/hungarys-orban-faces-pivotal-battle-against-ally-turned-foe-2026-03-25/,en
"Once inspired by Orban, Hungary's Peter Magyar now leads the charge to unseat him",2026-03-25,https://www.reuters.com/world/once-inspired-by-orban-hungarys-peter-magyar-now-leads-charge-unseat-him-2026-03-25/,en
What's at stake in Hungary's parliamentary election?,2026-03-25,https://www.reuters.com/world/europe/whats-stake-hungarys-parliamentary-election-2026-03-25/,en
Denmark Social Democrats slip in election amid Trump Greenland tensions,2026-03-24,https://www.newsweek.com/denmark-election-results-donald-trump-greenland-11730051,en
Hungarian election candidate accuses ruling party of treason over alleged EU leak to Russia,2026-03-23,https://www.theguardian.com/world/2026/mar/23/hungarian-election-candidate-peter-magyar-viktor-orban-alleged-leak-eu-russia,en
Hungary's Orban orders probe into alleged wiretapping of minister over Russia links,2026-03-23,https://www.reuters.com/world/hungarys-orban-orders-probe-into-alleged-wiretapping-minister-over-russia-links-2026-03-23/,en
Hungary's Orban Orders Probe Into Alleged Wiretapping of Minister Over Russia Links,2026-03-23,https://www.usnews.com/news/world/articles/2026-03-23/hungarys-orban-orders-probe-into-alleged-wiretapping-of-minister-over-russia-links,en
"To tilt Hungarian election, Russians proposed staging assassination attempt",2026-03-21,https://www.inquirer.com/news/nation-world/hungary-orban-reelection-russia-stage-assassination-putin-trump-20260321.html,en
Voters rocked by war and tariffs could add to market angst in upcoming elections,2026-03-19,https://www.reuters.com/world/americas/global-markets-elections-graphic-pix-2026-03-19/,en
Voters Rocked by War and Tariffs Could Add to Market Angst in Upcoming Elections,2026-03-19,https://www.usnews.com/news/world/articles/2026-03-19/voters-rocked-by-war-and-tariffs-could-add-to-market-angst-in-upcoming-elections,en
"Exclusive-Vance Plans Hungary Visit in Show of Support for Orban Ahead of Tight Election, Sources Say",2026-03-18,https://www.usnews.com/news/world/articles/2026-03-18/exclusive-vance-plans-hungary-visit-in-show-of-support-for-orban-ahead-of-tight-election-sources-say,en
"Exclusive: Vance plans Hungary visit in show of support for Orban ahead of tight election, sources say",2026-03-18,https://www.reuters.com/world/europe/vance-plans-hungary-visit-show-support-orban-ahead-tight-election-sources-say-2026-03-18/,en
Hungary's PM Orban mobilises online backers for election challenge,2026-03-16,https://www.reuters.com/world/hungarys-pm-orban-mobilises-online-backers-election-challenge-2026-03-16/,en
Hungary's PM Orban Mobilises Online Backers for Election Challenge,2026-03-16,https://www.usnews.com/news/world/articles/2026-03-16/hungarys-pm-orban-mobilises-online-backers-for-election-challenge,en
Hungary's Feuding Parties Gather for Key Show of Force Ahead of Election,2026-03-15,https://www.usnews.com/news/world/articles/2026-03-15/hungarys-feuding-parties-gather-for-key-show-of-force-ahead-of-election,en
Hungary's feuding parties gather for key show of force ahead of election,2026-03-15,https://www.reuters.com/world/hungarys-feuding-parties-gather-key-show-force-ahead-election-2026-03-15/,en
Orban’s election campaign turns to Russia for help in final stretch,2026-03-14,https://www.mercurynews.com/2026/03/14/orbans-election-campaign-turns-to-russia-for-help-in-final-stretch-2/,en
17 SXSW movies you need to know about right now,2026-03-12,https://mashable.com/article/sxsw-2026-film-preview,en
"Hungary's opposition Tisza party maintains lead as election nears, poll shows",2026-03-11,https://www.reuters.com/world/hungarys-opposition-tisza-party-maintains-lead-election-nears-poll-shows-2026-03-11/,en
Is There Even a Plan?,2026-03-06,https://www.nhgazette.com/2026/03/06/is-there-even-a-plan/,en
Hungary PM Orban's battery bet turns into election headache,2026-03-05,https://www.reuters.com/business/hungary-pm-orbans-battery-bet-turns-into-election-headache-2026-03-05/,en
"Hungary will force Ukraine to reopen key pipeline for Russian oil, Orban says",2026-03-05,https://www.reuters.com/business/energy/hungary-will-force-ukraine-reopen-key-pipeline-russian-oil-orban-says-2026-03-05/,en
"Hungary's opposition leads in polls, far-right party gains support",2026-03-04,https://www.reuters.com/world/hungarys-opposition-leads-polls-far-right-party-gains-support-2026-03-04/,en
All about choice? Liberals move childcare battlelines to vouchers for nannies and grandparents,2026-03-01,https://www.theguardian.com/australia-news/2026/mar/02/liberal-party-childcare-vouchers-nannies-grandparents,en
The Trump Administration Is Spending Billions to Militarize the Border,2026-02-28,https://www.newyorker.com/news/the-lede/how-high-powered-lasers-became-part-of-donald-trumps-border-security-complex,en
"Hungary Is at a Crossroads Between Europe and 'Dictators', Opposition Leader Says",2026-02-26,https://www.usnews.com/news/world/articles/2026-02-26/hungary-is-at-a-crossroads-between-europe-and-dictators-opposition-leader-says,en
"Hungary is at a crossroads between Europe and 'dictators', opposition leader says",2026-02-26,https://www.reuters.com/world/hungary-is-crossroads-between-europe-dictators-opposition-leader-says-2026-02-26/,en
"Hungary accuses Ukraine of 'oil blockade,' deploys soldiers to key energy facilities",2026-02-26,https://www.cnbc.com/2026/02/26/hungary-ukraine-oil-blockade-soldiers-energy-facilities-orban-elections-russia-.html,en
Commentary: Memories haunt Holocaust resister,2026-02-25,https://www.pilotonline.com/2026/02/25/commentary-memories-haunt-holocaust-resister/,en
Hungary's Opposition Tisza Party Widens Its Lead Ahead of Orban's Fidesz,2026-02-25,https://www.usnews.com/news/world/articles/2026-02-25/hungarys-opposition-tisza-party-widens-its-lead-ahead-of-orbans-fidesz,en
"Mexico kills drug lord El Mencho, sparking chaos",2026-02-23,https://theweek.com/world-news/mexico-jalisco-cartel-mencho-killing,en
"Hungary blocks latest EU sanctions on Russia, $105B loan to Ukraine",2026-02-23,https://www.upi.com/Top_News/World-News/2026/02/23/EU-Hungary-vetos-latest-Russia-sanctions/4291771838942/,en
Hungary vows to block EU sanctions on Russia on eve of Ukraine war anniversary,2026-02-23,https://www.reuters.com/world/europe/hungary-vows-block-eu-sanctions-russia-eve-ukraine-war-anniversary-2026-02-23/,en
New Russia sanctions on hold as Hungary blocks EU package ahead of fourth anniversary of Ukraine war – Europe live,2026-02-23,https://www.theguardian.com/world/live/2026/feb/23/russia-ukraine-war-sanctions-hungary-eu-europe-latest-news-updates,en
Britain’s ex-Prince Andrew arrested over Epstein ties,2026-02-20,https://theweek.com/world-news/prince-andrew-arrested-misconduct-epstein,en
Hungary Opposition Condemns Fidesz Election Video With Fictitious Execution Scene,2026-02-19,https://www.usnews.com/news/world/articles/2026-02-19/hungary-opposition-condemns-fidesz-election-video-with-fictitious-execution-scene,en
Hungary opposition condemns Fidesz election video with fictitious execution scene,2026-02-19,https://www.reuters.com/world/hungary-opposition-condemns-fidesz-election-video-with-fictitious-execution-2026-02-19/,en
Who’s Joining Trump’s Board of Peace—and Who’s Not,2026-02-19,https://time.com/7379643/trump-board-peace-countries-joining-rejected-invitations-membership/,en
Rubio boosts Orbán ahead of Hungary election,2026-02-17,https://theweek.com/world-news/hungary-election-rubio-boosts-orban-trump,en
Is This Viktor Orbán’s Last Stand?,2026-02-17,https://www.thenation.com/article/world/viktor-orban-hungary-election-fidesz/,en
"Trump ‘Deeply Committed’ to Success of Hungary, Rubio Tells Orban",2026-02-16,https://www.breitbart.com/europe/2026/02/16/trump-deeply-committed-success-hungary-rubio-tells-orban/,en
Rubio wraps Hungary’s Orban in US embrace before tight election,2026-02-16,https://www.courant.com/2026/02/16/rubio-wraps-hungarys-orban-in-us-embrace-before-tight-election-2/,en
Rubio seeks to boost Hungary’s Orban as he faces tough election,2026-02-16,https://www.inquirer.com/news/nation-world/rubio-orban-hungary-election-trump-20260216.html,en
Rubio shares Trump’s support of Viktor Orbán ahead of Hungary election,2026-02-16,https://www.upi.com/Top_News/US/2026/02/16/hungary-trump-orban-support-rubio/8141771261708/,en
Orban scales up 'war or peace' campaign as Hungary heads to pivotal vote,2026-02-13,https://www.reuters.com/business/media-telecom/orban-scales-up-war-or-peace-campaign-hungary-heads-pivotal-vote-2026-02-13/,en
Hungary's opposition Tisza party sets out policy plans ahead of April election,2026-02-10,https://www.reuters.com/world/hungarys-opposition-tisza-party-sets-out-policy-plans-ahead-april-election-2026-02-10/,en
"Hungary's opposition Tisza promises wealth tax, euro adoption in election programme",2026-02-07,https://www.reuters.com/business/hungarys-opposition-tisza-promises-wealth-tax-euro-adoption-election-programme-2026-02-07/,en
"Hungary's Tisza party leads pre-election poll, far-right party on course for parliament",2026-02-03,https://www.reuters.com/world/hungarys-tisza-party-leads-pre-election-poll-far-right-party-course-parliament-2026-02-03/,en
"Hungary's opposition keeps poll lead, backed by younger generation",2026-01-27,https://www.reuters.com/world/hungarys-opposition-keeps-poll-lead-backed-by-younger-generation-2026-01-27/,en
Hungary to summon Ukrainian envoy over what PM Orban says is election meddling,2026-01-26,https://www.reuters.com/world/hungary-summon-ukrainian-envoy-over-what-pm-orban-says-is-election-meddling-2026-01-26/,en
Hungary's opposition taps energy expert to lead foreign policy ahead of vote,2026-01-24,https://www.reuters.com/world/hungarys-opposition-taps-energy-expert-lead-foreign-policy-ahead-vote-2026-01-24/,en
Orban rebukes Zelenskiy as Hungarian election looms,2026-01-23,https://www.reuters.com/world/orban-rebukes-zelenskiy-hungarian-election-looms-2026-01-23/,en
Trump's Greenland Fixation Is Crushing The European Right,2026-01-22,https://dailycaller.com/2026/01/22/donald-trump-greenland-european-right-wing-allies/,en
"Hungary's opposition lead narrows slightly ahead of April vote, poll shows",2026-01-22,https://www.reuters.com/world/hungarys-opposition-lead-narrows-slightly-ahead-april-vote-poll-shows-2026-01-22/,en
Hungarian opposition taps former Shell executive for economics role ahead of April election,2026-01-19,https://www.reuters.com/world/hungarian-opposition-taps-former-shell-executive-economics-role-ahead-april-2026-01-19/,en
Orban ramps up anti‑Ukraine campaign with 'petition' as election battle tightens,2026-01-16,https://www.reuters.com/world/europe/orban-ramps-up-antiukraine-campaign-with-petition-election-battle-tightens-2026-01-16/,en
"Hungary's main opposition widens lead over PM Orban's Fidesz, two surveys show",2026-01-14,https://www.reuters.com/business/media-telecom/hungarys-main-opposition-widens-lead-over-pm-orbans-fidesz-two-surveys-show-2026-01-14/,en
Churchill Shooting Doubles Its Space to Meet Surging Visitor Demand in Budapest,2026-01-13,https://www.benzinga.com/pressreleases/26/01/g49895366/churchill-shooting-doubles-its-space-to-meet-surging-visitor-demand-in-budapest?utm_source=benzinga_taxonomy&utm_medium=rss_feed_free&utm_content=taxonomy_rss&utm_campaign=channel,en
Warsaw summons Hungarian envoy to protest after Budapest grants two Poles asylum,2026-01-09,https://www.reuters.com/world/warsaw-summons-hungarian-envoy-protest-after-budapest-grants-two-poles-asylum-2026-01-09/,en
Happy Birthday Bitcoin: 17 Fun Facts About Leading Cryptocurrency,2026-01-03,https://www.benzinga.com/crypto/26/01/49680628/happy-birthday-bitcoin-17-fun-facts-about-leading-cryptocurrency?utm_source=benzinga_taxonomy&utm_medium=rss_feed_free&utm_content=taxonomy_rss&utm_campaign=channel,en
"After Bulgaria, euro expansion faces hurdles in remaining EU states",2026-01-01,https://www.reuters.com/business/after-bulgaria-euro-expansion-faces-hurdles-remaining-eu-states-2026-01-01/,en
Russia-Ukraine war live: Zelensky invites Trump to Ukraine amid peace talks,2025-12-31,https://www.newsweek.com/russia-ukraine-war-live-updates-massive-blackouts-reported-amid-strikes-11287936,en
Hundreds of Big Post-Election Donors Have Benefited From Trump’s Return to Office,2025-12-22,https://www.nytimes.com/interactive/2025/12/22/us/politics/trump-donors-fundraising-benefits.html,en
Trump's top Europe ally predicts EU plan to spark war with Russia,2025-12-18,https://www.newsweek.com/trumps-top-europe-ally-predicts-eu-plan-to-spark-war-with-russia-11231007,en
Thousands protest Slovak leader Fico over whistleblower office closure and penal code changes,2025-12-16,https://www.newsday.com/news/nation/slovakia-protest-fico-j10708,en
Thousands protest Slovak leader Fico over whistleblower office closure and penal code changes,2025-12-16,https://www.inquirer.com/wires/ap/thousands-protest-slovak-leader-fico-over-whistleblower-office-closure-penal-code-changes-20251216.html,en
European leaders sign treaty establishing Ukraine war damages body – as it happened,2025-12-16,https://www.theguardian.com/world/live/2025/dec/16/ukraine-peace-talks-russia-europe-us-trump-latest-news-updates,en
UPDATE 1-EU tries to salvage Mercosur trade pact as parliament toughens farm protections,2025-12-16,https://www.inquirer.com/wires/reuters/america-wire/update-1-eu-tries-salvage-mercosur-trade-pact-parliament-toughens-farm-protections-20251216.html,en
Hungary Child-Abuse Protest Raises Pressure on Orban Before Vote,2025-12-13,https://www.bloomberg.com/news/articles/2025-12-13/hungary-child-abuse-protest-raises-pressure-on-orban-before-vote,en
Russian ambassador summoned to Berlin over claims Kremlin is seeking to destabilise Germany – Europe live,2025-12-12,https://www.theguardian.com/world/live/2025/dec/12/von-der-leyen-trump-ukraine-belgium-russian-assets-starmer-latest-news-updates,en
The Ultimate Guide To Danube River Cruises,2025-12-11,https://www.forbes.com/sites/lewisnunn/2025/12/11/why-a-danube-river-cruise-is-the-best-way-to-see-europe/,en
Thursday briefing: Will Labour’s human rights overhaul curb or fuel the far right?,2025-12-11,https://www.theguardian.com/world/2025/dec/10/thursday-briefing-will-labours-human-rights-overhaul-curb-or-fuel-the-far-right,en
"Ukraine, EU leaders agree on plan for bloc membership",2025-12-11,https://www.upi.com/Top_News/World-News/2025/12/11/ukraine-eu-leaders-plan-bloc-membership/9351765474363/,en
The Return of MAGA’s Favorite Forbidden Book,2025-12-11,https://www.theatlantic.com/ideas/2025/12/camp-of-saints-jean-raspail/685213/?utm_source=feed,en
Hungarian government spokesman denies report Orban plans to introduce presidential system,2025-12-11,https://www.reuters.com/world/hungarian-government-spokesman-denies-report-orban-plans-introduce-presidential-2025-12-11/,en
"No 10 publishes list of 34 new political peerages including 25 Labour, five Liberal Democrats and three Conservatives – UK politics live",2025-12-10,https://www.theguardian.com/politics/live/2025/dec/10/pmqs-latest-news-updates-rachel-reeves-treasury-committee-keir-starmer-kemi-badenoch,en
UPDATE 1-Hungary's Orban government moves to stem fallout from juvenile center abuse case,2025-12-10,https://www.inquirer.com/wires/reuters/america-wire/update-1-hungarys-orban-government-moves-stem-fallout-juvenile-center-abuse-case-20251210.html,en
Hungary Approves Law Making It Harder to Remove President,2025-12-10,https://www.bloomberg.com/news/articles/2025-12-10/hungary-approves-law-making-it-harder-to-remove-president,en
Hungary's Orban government moves to stem fallout from juvenile center abuse case,2025-12-10,https://www.inquirer.com/wires/reuters/america-wire/hungarys-orban-government-moves-stem-fallout-juvenile-center-abuse-case-20251210.html,en
Slovakia's parliament approves plan to dismantle whistleblower protection office,2025-12-09,https://www.newsday.com/news/nation/slovakia-fico-whistleblowers-protection-n22878,en
Slovakia’s parliament approves plan to dismantle whistleblower protection office,2025-12-09,https://www.seattletimes.com/nation-world/world/slovakias-parliament-approves-plan-to-dismantle-whistleblower-protection-office/?utm_source=RSS&utm_medium=Referral&utm_campaign=RSS_all,en
Slovakia's parliament approves plan to dismantle whistleblower protection office,2025-12-09,https://www.inquirer.com/wires/ap/slovakias-parliament-approves-plan-dismantle-whistleblower-protection-office-20251209.html,en
"Hungary PM Orban's Fidesz narrows gap on opposition rival, opinion poll shows",2025-12-02,https://www.inquirer.com/wires/reuters/america-wire/hungary-pm-orbans-fidesz-narrows-gap-opposition-rival-opinion-poll-shows-20251202.html,en
"Hungary PM Orban's Fidesz narrows gap on opposition rival, opinion poll shows",2025-12-02,https://www.reuters.com/world/hungary-pm-orbans-fidesz-narrows-gap-opposition-rival-opinion-poll-shows-2025-12-02/,en
Hungarian podcasters push back against Orban’s media dominance,2025-11-27,https://www.inquirer.com/wires/reuters/america-wire/hungarian-podcasters-push-back-against-orbans-media-dominance-20251127.html,en
Hungarian podcasters push back against Orban’s media dominance,2025-11-27,https://www.reuters.com/business/media-telecom/hungarian-podcasters-push-back-against-orbans-media-dominance-2025-11-27/,en
Orban Narrows Hungary Poll Gap After Boosting Election Spending,2025-11-26,https://www.bloomberg.com/news/articles/2025-11-26/orban-narrows-hungary-poll-gap-after-boosting-election-spending,en
The GOP Is Realizing That Trump Won’t Be Around Forever,2025-11-21,https://www.theatlantic.com/ideas/2025/11/rifts-growing-maga-trump-successor-2028/684994/?utm_source=feed,en
The explosions that tore through Russia’s pipelines to Europe are still causing rifts years on,2025-11-15,https://www.cnn.com/2025/11/15/europe/russias-nord-stream-pipelines-europe-intl,en
Flattery will get you everywhere: Orbán lays it on thick with Trump,2025-11-07,https://www.theguardian.com/world/2025/nov/07/orban-trump-flattery-white-house,en
Pro-Orban media group buys Hungary's main tabloid ahead of 2026 election,2025-10-31,https://www.reuters.com/business/media-telecom/pro-orban-media-group-buys-hungarys-main-tabloid-ahead-2026-election-2025-10-31/,en
Hungary's opposition leader to file criminal complaint over alleged deepfake video,2025-10-29,https://www.inquirer.com/wires/reuters/america-wire/hungarys-opposition-leader-file-criminal-complaint-over-alleged-deepfake-video-20251029.html,en
"Putin, Zelensky and the art of ‘playing’ the US president",2025-10-23,https://theconversation.com/putin-zelensky-and-the-art-of-playing-the-us-president-268246,en
UPDATE 1-Orban seeks to shore up domestic support after Trump-Putin summit canceled,2025-10-23,https://www.inquirer.com/wires/reuters/america-wire/update-1-orban-seeks-shore-up-domestic-support-after-trump-putin-summit-canceled-20251023.html,en
Orban seeks to shore up domestic support after Trump-Putin summit canceled,2025-10-23,https://www.inquirer.com/wires/reuters/america-wire/orban-seeks-shore-up-domestic-support-after-trump-putin-summit-canceled-20251023.html,en
Orban seeks to shore up domestic support after Trump-Putin summit cancelled,2025-10-23,https://www.reuters.com/world/orban-seeks-shore-up-domestic-support-after-trump-putin-summit-cancelled-2025-10-23/,en
Trump commutes former Rep. George Santos' sentence; urges Ukraine and Russia to stop fighting,2025-10-17,https://www.nbcnews.com/politics/trump-administration/live-blog/trump-zelenskyy-putin-gaza-government-shutdown-congress-live-updates-rcna237191,en
Viktor Orban Boasts Hungary ‘Only Place in Europe’ Where Trump and Putin Could Meet,2025-10-17,https://www.breitbart.com/europe/2025/10/17/viktor-orban-boasts-hungary-only-place-in-europe-where-trump-and-putin-could-meet/,en
"RPT-Putin's Budapest visit makes awkward spectacle for EU, NATO",2025-10-17,https://www.inquirer.com/wires/reuters/america-wire/rpt-putins-budapest-visit-makes-awkward-spectacle-eu-nato-20251017.html,en
"Putin's Budapest visit makes awkward spectacle for EU, NATO",2025-10-17,https://www.inquirer.com/wires/reuters/america-wire/putins-budapest-visit-makes-awkward-spectacle-eu-nato-20251017.html,en
"Putin's Budapest visit makes awkward spectacle for EU, NATO",2025-10-17,https://www.reuters.com/world/europe/putins-budapest-visit-makes-awkward-spectacle-eu-nato-2025-10-17/,en
AI Content Proliferates In Hungary Ahead Of Next Year's Elections,2025-10-14,https://www.ibtimes.com/ai-content-proliferates-hungary-ahead-next-years-elections-3786876,en
Boycotting Israel has gone mainstream: ‘We’ve never seen such traction before’,2025-10-11,https://www.theguardian.com/world/2025/oct/11/israel-global-boycott,en
Nobel prize in literature 2025 as it happened: László Krasznahorkai wins ‘for his compelling and visionary oeuvre’,2025-10-09,https://www.theguardian.com/books/live/2025/oct/09/nobel-prize-in-literature-2025-live,en
"AFI Fest 2025 Unveils Full Lineup: ‘Song Sung Blue’ World Premiere, Plus ‘Christy,’ ‘The Plague,’ and More",2025-09-30,https://www.indiewire.com/news/festivals/afi-fest-2025-full-lineup-best-movies-1235153613/,en
Trump and Xi Jinping discuss trade and TikTok; Senate rejects bill to fianance government,2025-09-19,https://www.nbcnews.com/politics/trump-administration/live-blog/trump-xi-jinping-tik-tok-virginia-early-voting-epstein-live-updates-rcna230853,en
Trump returns to the U.S.; administration asks Supreme Court to let president fire Fed board member,2025-09-18,https://www.nbcnews.com/politics/trump-administration/live-blog/trump-administration-british-pm-uk-trip-live-updates-rcna230621,en
Wednesday briefing: Trump arrives in the UK – and his playbook is reshaping the British right,2025-09-17,https://www.theguardian.com/world/2025/sep/16/wednesday-briefing-trump-arrives-in-the-uk-and-his-playbook-is-reshaping-the-british-right,en
How Liverpool became Little Hungary: ‘We used to pray for times like this’,2025-09-11,https://www.nytimes.com/athletic/6614461/2025/09/11/liverpool-hungary-szoboszlai-kerkez-pecsi/,en
Red Cat's Teal Drones Black Widow™ System Approved for NATO NSPA Catalogue,2025-09-11,https://www.benzinga.com/pressreleases/25/09/g47614764/red-cats-teal-drones-black-widow-system-approved-for-nato-nspa-catalogue,en
Hungary's Orban predicts chaos if pro-EU party wins next election,2025-09-07,https://www.reuters.com/world/hungarys-orban-predicts-chaos-if-pro-eu-party-wins-next-election-2025-09-07/,en
Billy Wilder’s Battle With the Past,2025-08-18,https://www.thenation.com/article/culture/billy-wilder-hollywood-zionism-holocaust/,en
Hungarian opposition leader demands Russia refrain from interference,2025-08-17,https://www.reuters.com/world/hungarian-opposition-leader-demands-russia-refrain-interference-2025-08-17/,en
Hungarian opposition leader accuses Russia of political interference,2025-08-14,https://www.reuters.com/world/hungarian-opposition-leader-accuses-russia-political-interference-2025-08-14/,en
Viktor Orban’s Grip on Hungary Is Slipping With No Help From Trump,2025-08-14,https://www.bloomberg.com/news/features/2025-08-14/viktor-orban-s-grip-on-hungary-is-slipping-with-no-help-from-trump,en
"Emma Thompson Meets Fans at a Film Festival in Switzerland, Plus MGK, Doja Cat and More",2025-08-10,https://people.com/star-tracks-sunday-august-10-2025-new-celebrity-photos-updated-daily-11788099,en
"The Jonas Brothers Rock Out at the Rockefeller Plaza in N.Y.C., Plus Jennifer Aniston, Margot Robbie and More",2025-08-09,https://people.com/star-tracks-saturday-august-9-2025-new-celebrity-photos-updated-daily-11787942,en
"Meryl Streep Means Serious Business as Miranda Priestly in N.Y.C., Plus Bradley Cooper, George Clooney and More",2025-08-08,https://people.com/star-tracks-friday-august-8-2025-new-celebrity-photos-updated-daily-11787274,en
"Heidi Klum Flaunts Her Style in New York, Plus Billy Ray Cyrus, Elizabeth Hurley, Jonas Brothers and More",2025-08-07,https://people.com/star-tracks-thursday-august-7-2025-new-celebrity-photos-updated-daily-11786355,en
St. Emilian parishioners mark golden anniversary,2025-08-01,https://www.cleveland.com/community/2025/08/st-emilian-parishioners-mark-golden-anniversary.html,en
"Horst Mahler, 89, dies; voice of the German far left, then the far right",2025-07-31,https://www.bostonglobe.com/2025/07/31/metro/horst-mahler-89-dies-voice-german-far-left-then-far-right/,en
Hungary's Orban says he will not back EU budget unless funds released,2025-07-26,https://www.reuters.com/en/hungarys-orban-says-he-will-not-back-eu-budget-unless-funds-released-2025-07-26/,en
"Meryl Streep Is Back in Miranda's Icy Blonde Hair for The Devil Wears Prada 2, Plus Camila Cabello and More",2025-07-24,https://people.com/star-tracks-thursday-july-24-2025-new-celebrity-photos-updated-daily-11778006,en
"Liam Neeson and Pamela Anderson Get Affectionate on the Red Carpet, Plus Christina Aguilera, Anthony Mackie, Stephanie Beatriz and More",2025-07-23,https://people.com/people-com-star-tracks-wednesday-july-23-2025-new-celebrity-photos-updated-daily-11777246,en
Fifty Films Compete for the Heart of Sarajevo Awards at 31st Sarajevo Film Festival,2025-07-23,https://variety.com/2025/film/global/heart-of-sarajevo-awards-31st-sarajevo-film-festival-1236467238/,en
"Katie Holmes Is Back on Set with Joshua Jackson, Plus Naomi Watts, Anne Hathaway, Jennifer Lopez and more",2025-07-22,https://people.com/star-tracks-tuesday-july-22-2025-new-celebrity-photos-updated-daily-11776403,en
"Liberal party hardliners are on the back foot – but while Tony Abbott is around, the right will fight",2025-07-18,https://www.theguardian.com/australia-news/2025/jul/19/liberal-party-tony-abbott-sussan-ley,en
Friday briefing: A ‘cruel and unlawful betrayal’ – why is the EU not doing more to sanction Israel?,2025-07-18,https://www.theguardian.com/world/2025/jul/18/friday-briefing-a-cruel-and-unlawful-betrayal-why-is-the-eu-not-doing-more-to-sanction-israel,en
Viktor Orban: is time up for Europe's longest-serving premier?,2025-07-16,https://theweek.com/politics/victor-orban-hungary-succession,en
Main challenger to Hungary's Orban begins campaign tour on a canoe,2025-07-16,https://www.reuters.com/world/main-challenger-hungarys-orban-begins-campaign-tour-canoe-2025-07-16/,en
This is why Elon Musk is way more dangerous than Trump,2025-07-15,https://www.rawstory.com/elon-musk-political-party/,en
Hungary's opposition flags 'New Deal' to kickstart stagnating economy,2025-07-12,https://www.reuters.com/world/hungarys-opposition-flags-new-deal-kickstart-stagnating-economy-2025-07-12/,en
What Exactly Is Required to Preserve Our Democracy?,2025-07-11,https://www.theatlantic.com/podcasts/archive/2025/07/what-exactly-is-required-to-preserve-our-democracy/683492/?utm_source=feed,en
"Weekend things to do: Morgan Wallen, Saigon Night Market, Boca Burger Battle, ‘Love Island’ watch party",2025-07-09,https://www.sun-sentinel.com/2025/07/09/weekend-things-to-do-morgan-wallen-saigon-night-market-boca-burger-battle-love-island-watch-party/,en
"‘Dracula’ by Radu Jude, David Lynch-Exec Produced ‘Happy Worker’ Set for Locarno Lineup",2025-07-08,https://www.hollywoodreporter.com/movies/movie-news/dracula-david-lynch-locarno-film-festival-2025-program-1236308279/,en
"Radu Jude, Abdellatif Kechiche Head to Locarno as Swiss Fest Announces Lineup, An ‘Ambitious and Exciting Edition’",2025-07-08,https://variety.com/2025/film/global/locarno-linep-radu-jude-abdellatif-kechiche-ben-rivers-1236449004/,en
"A Demon, Peruvian Time Travel and the “Czechoslovak Tom Jones”: Eight Offbeat Films in Karlovy Vary",2025-07-02,https://www.hollywoodreporter.com/movies/movie-news/kviff-2025-preview-offbeat-films-karlovy-vary-film-festival-1236297905/,en
Monday briefing: How Budapest Pride became a huge show of anti-Orbán defiance,2025-06-30,https://www.theguardian.com/world/2025/jun/30/monday-briefing-how-budapest-pride-became-a-huge-show-of-anti-orban-defiance,en
"Tens of thousands march against Hungary's government, for LGBT rights",2025-06-28,https://www.usatoday.com/story/news/politics/2025/06/28/hungary-protests-lgbt-rights-budapest-orban/84398993007/,en
Tens of thousands expected to attend Budapest Pride in defiance of ban,2025-06-28,https://www.reuters.com/world/tens-thousands-expected-attend-budapest-pride-defiance-ban-2025-06-28/,en
Hungary's government to privatise majority of its stake in the defence industry,2025-06-12,https://www.reuters.com/business/aerospace-defense/hungarys-government-privatise-majority-its-stake-defence-industry-2025-06-12/,en
"Josh O’Connor’s ‘Rebuilding,’ Andrea Riseborough’s ‘Dragonfly’ Among Karlovy Vary Lineup, With ‘Roma’ Producer Nicolás Celis on Jury",2025-06-03,https://variety.com/2025/film/global/karlovy-vary-film-festival-official-selection-juries-1236416080/,en
MAGA roadshow comes to Europe as trade war looms,2025-05-29,https://abcnews.go.com/International/maga-roadshow-europe-trade-war-looms/story?id=122259223,en
"Woke right' smear weaponized by liberal interlopers against MAGA conservatives, populists — and Arby's?",2025-05-29,https://www.theblaze.com/news/woke-right-smear-weaponized-by-liberal-interlopers-against-maga-conservatives-populists-and-arbys,en
Hungary inspires U.S. conservatives. Its leader is seen as running a 'dictatorship',2025-05-29,https://www.npr.org/2025/05/29/nx-s1-5399682/hungary-trump-viktor-orban-cpac,en
"Hungarian opposition leader Magyar walks to Romania, courting ethnic Hungarians",2025-05-24,https://www.reuters.com/world/hungarian-opposition-leader-magyar-walks-romania-courting-ethnic-hungarians-2025-05-24/,en
"May 26th, 2025 | Vol. 205, No. 17",2025-04-25,https://time.com/magazine/us/7286469/may-26th-2025-vol-205-no-17-u-s/,en
Pro-EU centrist beats Trump acolyte in Romania vote,2025-05-19,https://theweek.com/world-news/romania-election-nicusor-dan-victory,en
Pinkerton: Leo XIV and the Search for a New Social Contract in the Age of AI,2025-05-17,https://www.breitbart.com/faith/2025/05/17/pinkerton-leo-xiv-and-the-search-for-a-new-social-contract-in-the-age-of-ai/,en
Exclusive: Hungarian official sought information on perceived Orban opponents in USAID meeting,2025-05-16,https://www.reuters.com/world/hungarian-official-sought-information-perceived-orban-opponents-usaid-meeting-2025-05-16/,en
Washington Examiner’s ‘Liberal Media Scream’ With the MRC’s Assessment,2025-05-12,https://www.newsbusters.org/blogs/nb/brent-baker/2025/05/12/washington-examiners-liberal-media-scream-mrcs-assessment,en
Washington Examiner’s ‘Liberal Media Scream’ With the MRC’s Assessment,2025-05-05,https://www.newsbusters.org/blogs/nb/brent-baker/2025/05/05/washington-examiners-liberal-media-scream-mrcs-assessment,en
"No phones, no news — only God and church politics as Catholic elders choose Francis' successor",2025-05-06,https://www.nbcnews.com/world/the-vatican/pope-francis-successor-conclave-catholic-church-rcna204820,en
Trump sons’ deals on 3 continents directly benefit the president,2025-05-05,https://www.seattletimes.com/business/trump-sons-deals-on-3-continents-directly-benefit-the-president/?utm_source=RSS&utm_medium=Referral&utm_campaign=RSS_all,en
Federal election 2025 live: Goldstein on knife edge as 16 seats still in doubt; Murray Watt says Labor not given credit for ‘ambitious’ agenda,2025-05-05,https://www.theguardian.com/australia-news/live/2025/may/05/politics-election-vote-counting-to-resume-labor-win-liberals-coalition-loss-albanese-dutton-ntwnfb,en
Gina Rinehart urges Liberals to stick with Trump-like policies in the wake of election loss,2025-05-05,https://www.theguardian.com/business/2025/may/05/gina-rinehart-liberal-party-trump-australia-election-ntwnfb,en
Global populists once emulated Trump. Now they’re running from him,2025-04-30,https://www.cnn.com/2025/04/30/politics/carney-trump-starmer-macron-world-leaders-change-elections/index.html,en
Carney aims for global leadership role against Trump after Canada election win,2025-04-29,https://www.reuters.com/world/americas/carney-aims-global-leadership-role-against-trump-after-canada-election-win-2025-04-29/,en
Slovaks rally to condemn legislation they say would harm nongovernmental groups,2025-04-24,https://www.newsday.com/news/nation/slovakia-protests-ngos-fico-n87896,en
"Trump’s tariffs inflict political pain on Hungary’s Orban, other European far-right leaders",2025-04-25,https://www.reuters.com/world/europe/trumps-tariffs-inflict-political-pain-hungarys-orban-other-european-far-right-2025-04-25/,en
Exclusive: Inside Trump’s First 100 days,2025-04-25,https://time.com/7280106/trump-interview-100-days-2025/,en
Slovaks rally to condemn legislation they say would harm nongovernmental groups,2025-04-24,https://www.inquirer.com/wires/ap/slovaks-rally-condemn-legislation-they-say-would-harm-nongovernmental-groups-20250424.html,en
Who will the next pope be? Here are some top contenders,2025-04-23,https://theconversation.com/who-will-the-next-pope-be-here-are-some-top-contenders-255006,en
"Morning Mail: world mourns Pope Francis, drownings stun NSW, Pentagon ‘meltdown’",2025-04-21,https://www.theguardian.com/australia-news/2025/apr/22/morning-mail-tuesday-ntwnfb,en
How to dismantle democracy: Lessons aspiring autocrats may take from Hungary's Orban,2025-04-21,https://www.npr.org/2025/04/21/nx-s1-5338596-e1/how-to-dismantle-democracy-lessons-aspiring-autocrats-may-take-from-hungarys-orban,en
Which cardinals are seen as contenders to be the next pope?,2025-04-21,https://www.ajc.com/news/nation-world/which-cardinals-are-seen-as-contenders-to-be-the-next-pope/HA3IFOUQN5AYDPD2YPH6KF7UMA/,en
How to dismantle democracy: Lessons aspiring autocrats may take from Hungary's Orban,2025-04-20,https://www.npr.org/2025/04/20/nx-s1-5338596/hungary-viktor-orban-democracy,en
"Morning Mail: Cracks in Liberals’ nuclear story, Trump doubles down on deportation, Katy Perry in space",2025-04-14,https://www.theguardian.com/australia-news/2025/apr/15/morning-mail-tuesday-ntwnfb,en
US lifting sanctions on key aide to Hungary's Orban,2025-04-15,https://www.reuters.com/world/us-lifting-sanctions-key-aide-hungarys-orban-2025-04-15/,en
Orbán escalates culture war in Hungary by mandating two genders only,2025-04-14,https://www.seattletimes.com/nation-world/nation-politics/orban-escalates-culture-war-in-hungary-by-mandating-two-genders-only/?utm_source=RSS&utm_medium=Referral&utm_campaign=RSS_all,en
Hungary Set To Restrict Constitutional Rights In 'Easter Cleanup',2025-04-14,https://www.ibtimes.com/hungary-set-restrict-constitutional-rights-easter-cleanup-3769967,en
Hungarian opposition leader pledges to unlock EU funds if elected,2025-04-13,https://www.reuters.com/world/europe/hungarian-opposition-leader-pledges-unlock-eu-funds-if-elected-2025-04-13/,en
National Populism Challenges Right as Well as Left,2025-04-13,https://www.realclearpolitics.com/articles/2025/04/13/national_populism_challenges_right_as_well_as_left_152646.html,en
Editorial Roundup: United States,2025-04-08,https://www.inquirer.com/wires/ap/editorial-roundup-united-states-20250408.html,en
Friday briefing: The pain from Donald Trump’s tariffs is already kicking in – will there be any gain?,2025-04-04,https://www.theguardian.com/world/2025/apr/04/first-edition-donald-trump-tariffs-cost-worldwide,en
"“This is a war, and natalism is our sword and shield”—My weekend with the pronatalists",2025-03-31,https://www.motherjones.com/politics/2025/03/this-is-a-war-and-natalism-is-our-sword-and-shield-my-weekend-with-the-pronatalists/,en
Paramount Pioneer Adolph Zukor’s High-Spirited Home Hits The Market,2025-03-27,https://www.forbes.com/sites/rdaniel-foster/2025/03/27/paramount-pioneer-adolph-zukors-high-spirited-home-hits-the-market/,en
Trump Officials' Signal Chat Transcript Is Published as Criticism Mounts Over Leak: Live Updates,2025-03-26,https://www.nytimes.com/live/2025/03/26/us/trump-news,en
"Gene Simmons won’t retire from music, post-Kiss: ‘My ego won’t allow it’",2025-03-24,https://www.sandiegouniontribune.com/2025/03/24/gene-simmons-wont-retire-from-music-post-kiss-my-ego-wont-allow-it/,en
"Nick Denton on Betting Against Elon Musk, Aligning With Peter Thiel, and Selling That SoHo Loft",2025-03-24,https://www.vanityfair.com/news/story/nick-denton-interview-thiel-musk,en
Europe map shows mass protests against Putin's allies,2025-03-24,https://www.newsweek.com/europe-map-shows-mass-protests-against-putins-allies-2049558,en
"No, Professor Willerton: Reagan Changed the World and Gorbachev Let Him",2025-03-19,https://spectator.org/no-professor-willerton-reagan-changed-the-world-and-gorbachev-let-him/?utm_source=rss&utm_medium=rss&utm_campaign=no-professor-willerton-reagan-changed-the-world-and-gorbachev-let-him,en
A Battle for the Soul of the West,2025-03-19,https://www.theatlantic.com/international/archive/2025/03/enlightenment-trump-far-right-europe/682086/?utm_source=feed,en
Hungary Passes Bill Against Annual Budapest Pride March,2025-03-18,https://www.ibtimes.com/hungary-passes-bill-against-annual-budapest-pride-march-3766745,en
Putin's biggest allies in Europe face political peril,2025-03-17,https://www.newsweek.com/russia-protests-hungary-romania-2045771,en
Why does Madrid legend Ferenc Puskas have a statue in Melbourne?,2025-03-11,https://www.espn.com/soccer/story/_/id/37583637/why-does-real-madrid-legend-ferenc-puskas-statue-melbourne,en
DOGE Gets a Foreign Ally,2025-03-05,https://www.theatlantic.com/politics/archive/2025/03/hungary-joins-doge-effort/681923/?utm_source=feed,en
Musk rallies the far right in Europe. Tesla is paying the price.,2025-03-04,https://www.reuters.com/world/musk-rallies-far-right-europe-tesla-is-paying-price-2025-03-04/,en
Trump Live Updates: Europe Leaders Prepare to Help Ukraine After Zelensky-Trump Meeting,2025-03-03,https://www.nytimes.com/live/2025/03/03/us/trump-news-congress,en
Why is Hungary’s Viktor Orban cozying up to both Putin and Trump?,2025-03-02,https://nypost.com/2025/03/02/world-news/why-hungarys-viktor-orban-is-cozying-up-to-putin-and-trump/,en
Elon enters the circus,2025-02-28,https://www.theverge.com/policy/620892/cpac-elon-musk-chainsaw-trump-steve-bannon,en
"""Trump Before Trump"": How Hungary foreshadows America's right-wing embrace",2025-02-22,https://www.newsweek.com/trump-hungary-foreshadows-america-right-wing-embrace-2034542,en
The north of England had high hopes for this government. Why is it only offering us crumbs from the south?,2025-02-16,https://www.theguardian.com/commentisfree/2025/feb/16/north-of-england-labour-north-south-divide-tyne-bridge,en
Hungary opposition leader vows to boost the economy and tackle cost-of-living crisis,2025-02-15,https://www.reuters.com/world/europe/hungary-opposition-leader-vows-boost-economy-tackle-cost-of-living-crisis-2025-02-15/,en
What Did the War in Gaza Reveal About American Judaism?,2025-02-13,https://www.newyorker.com/news/q-and-a/what-did-the-war-in-gaza-reveal-about-american-judaism,en
Trump Calls for USAID to Be Shut Down: Live Updates,2025-02-07,https://www.nytimes.com/live/2025/02/07/us/trump-administration-updates,en
"Awaiting clarity from Trump, Europe steps up war preparations: Peter Apps",2025-02-07,https://www.reuters.com/world/europe/awaiting-clarity-trump-europe-steps-up-war-preparations-peter-apps-2025-02-07/,en
Orban Targets Rural Pensioners With Spending Before Hungary Vote,2025-02-05,https://www.bloomberg.com/news/articles/2025-02-05/orban-targets-rural-pensioners-with-spending-before-hungary-vote,en
Hungary's shaky economy disrupts Orban's re-election playbook,2025-02-05,https://www.reuters.com/world/europe/hungarys-shaky-economy-disrupts-orbans-re-election-playbook-2025-02-05/,en
'Strongman' leaders of Europe don't look so strong anymore,2025-02-04,https://www.cnbc.com/2025/02/04/strongman-leaders-of-europe-dont-look-so-strong-anymore.html,en
"Margarethe Hilferding, Sigmund Freud and the Conspiracy of Silence",2025-01-23,https://www.scientificamerican.com/article/margarethe-hilferding-the-first-woman-admitted-to-freuds-vienna-psychoanalytic-society/,en
The Tech Oligarchy Arrives,2025-01-20,https://www.theatlantic.com/politics/archive/2025/01/tech-zuckerberg-trump-inauguration-oligarchy/681381/?utm_source=feed,en
Elon Musk and the new world order: the hijacking of the global conversation,2025-01-12,https://www.theguardian.com/technology/2025/jan/12/elon-musk-and-the-new-world-order-the-hijacking-of-the-global-conversation,en
"Viktor Orban's challenger sees strong EU, NATO ties, 'pragmatic' approach to Russia",2025-01-09,https://www.reuters.com/world/europe/viktor-orbans-challenger-sees-strong-eu-nato-ties-pragmatic-approach-russia-2025-01-09/,en
U.S. sanctions key ally of Hungarian leader Viktor Orban for alleged corruption,2025-01-07,https://www.upi.com/Top_News/World-News/2025/01/07/Hungary-US-State-Department-Antal-Rogan-Viktor-Orban-Peter-Szijjarto-sanctions/3251736286524/,en
US Sanctions Top Hungary Minister Over 'Corruption',2025-01-07,https://www.ibtimes.com/us-sanctions-top-hungary-minister-over-corruption-3758152,en
Another Complete Unknown Is Pete Seeger’s Communism,2025-01-05,https://www.dailysignal.com/2025/01/05/another-complete-unknown-is-pete-seegers-communism/,en
Happy Birthday Bitcoin: 16 Fun Facts About Leading Cryptocurrency,2025-01-03,https://www.benzinga.com/general/education/25/01/42789566/happy-birthday-bitcoin-16-fun-facts-about-leading-cryptocurrency,en
Why has the EU stripped Hungary of €1 billion? The latest confrontation explained,2025-01-03,https://theconversation.com/why-has-the-eu-stripped-hungary-of-1-billion-the-latest-confrontation-explained-246614,en
Emperor greets Japanese for New Year’s Orban rival seeks early vote in Hungary Saudis execute 6 Iranians in drug case Migrant caravan starts across Mexico,2025-01-03,https://www.arkansasonline.com/news/2025/jan/03/emperor-greets-japanese-for-new-years-orban-rival/,en
"Spats, divisions mar start of Poland's EU presidency",2025-01-03,https://www.reuters.com/world/europe/spats-divisions-mar-start-polands-eu-presidency-2025-01-03/,en
Orban’s Opponent Magyar Calls For Early Elections in Hungary,2025-01-01,https://www.bloomberg.com/news/articles/2025-01-01/orban-s-opponent-magyar-calls-for-early-elections-in-hungary,en
Max Boot’s Dirty War on the Reagan Doctrine,2024-12-30,https://spectator.org/max-boots-dirty-war-on-the-reagan-doctrine/?utm_source=rss&utm_medium=rss&utm_campaign=max-boots-dirty-war-on-the-reagan-doctrine,en
Brady Corbet’s Outsider American Epic,2024-12-23,https://www.newyorker.com/magazine/2024/12/23/brady-corbet-profile,en
Oscars: All 85 Submissions for Best International Feature,2024-12-12,https://www.hollywoodreporter.com/lists/oscars-2025-best-international-feature-contenders-full-list/,en
Hungarian Politics Has a New Star and It’s Not Viktor Orban,2024-12-10,https://www.bloomberg.com/news/articles/2024-12-10/hungarian-politics-has-a-new-star-and-it-s-not-viktor-orban,en
South Korea roiled by short-lived martial law,2024-12-04,https://theweek.com/world-news/south-korea-martial-law-yoon-suk-yeol-impeachment,en
America’s future hangs on the Democratic Party’s decision,2024-12-02,https://www.alternet.org/democratic-party-chair/,en
Orban’s Rival Vows to End Hungary Crisis by Unlocking EU Funds,2024-12-02,https://www.bloomberg.com/news/articles/2024-12-02/orban-rival-magyar-vows-to-end-hungary-s-economic-crisis-by-unlocking-eu-funds,en
György Pauk obituary,2024-11-29,https://www.theguardian.com/music/2024/nov/29/gyorgy-pauk-obituary,en
State capture,2024-11-26,https://theweek.com/politics/editors-letter-state-capture,en
Hungary Plans 40% Minimum Wage Hike by 2027 in Risk to Inflation,2024-11-25,https://www.bloomberg.com/news/articles/2024-11-25/hungary-plans-40-minimum-wage-hike-by-2027-in-risk-to-inflation,en
In an authoritarian regime it’s important to control the news — and here we go,2024-11-17,https://www.rawstory.com/media-control/,en
In an authoritarian regime it’s important to control the news — and here we go,2024-11-16,https://www.alternet.org/alternet-exclusives/trump-threatens-press/,en
Friday briefing: How will Trump handle the Ukraine war?,2024-11-08,https://www.theguardian.com/world/2024/nov/08/friday-briefing-how-will-trump-handle-the-ukraine-war,en
Australia is not immune to Trumpian echoes – but our democracy is unlikely to succumb,2024-11-07,https://www.theguardian.com/commentisfree/2024/nov/07/us-election-donald-trump-australia-impact-albanese-relationship,en
This Bush and Romney Campaign Vet Is Extremely Bullish on Kamala Harris’s Chances,2024-10-23,https://www.vanityfair.com/news/story/how-kamala-harris-wins,en
This Billionaire Wants You To Bet On The 2024 Election,2024-10-18,https://www.forbes.com/sites/johnhyatt/2024/10/18/this-billionaire-wants-you-to-bet-on-the-2024-election/,en
Autocracy Is in the Details,2024-10-17,https://www.theatlantic.com/podcasts/archive/2024/10/autocracy-is-in-the-details/680273/?utm_source=feed,en
"US elections: here’s what’s at stake for Europe, in 3 key areas",2024-10-14,https://theconversation.com/us-elections-heres-whats-at-stake-for-europe-in-3-key-areas-240768,en
What does JD Vance really believe?,2024-10-14,https://www.theguardian.com/commentisfree/2024/oct/14/jd-vance-trump-beliefs,en
Countries around the world commemorate the anniversary of Hamas attack on Israel,2024-10-07,https://www.sandiegouniontribune.com/2024/10/07/mideast-war-anniversary-global-protests/,en
Countries around the world commemorate the anniversary of Hamas attack on Israel,2024-10-07,https://www.baltimoresun.com/2024/10/07/mideast-war-anniversary-global-protests/,en
Countries around the world commemorate the anniversary of Hamas attack on Israel,2024-10-07,https://www.cleveland.com/news/2024/10/countries-around-the-world-commemorate-the-anniversary-of-hamas-attack-on-israel.html,en
Countries around the world commemorate the anniversary of Hamas attack on Israel,2024-10-07,https://www.ajc.com/news/nation-world/countries-around-the-world-commemorate-the-anniversary-of-hamas-attack-on-israel/R7VTUICB5BCKNDYAHCXYJTXXYU/,en
Countries worldwide commemorate anniversary of Oct. 7 Hamas attack on Israel,2024-10-07,https://www.pbs.org/newshour/world/countries-worldwide-commemorate-anniversary-of-oct-7-hamas-attack-on-israel,en
Memorials Around the World Commemorate Oct. 7 Anniversary,2024-10-07,https://time.com/7057206/hamas-attack-israel-commemorations/,en
Countries around the world commemorate the anniversary of Hamas attack on Israel,2024-10-07,https://www.chicagotribune.com/2024/10/07/countries-around-the-world-commemorate-the-anniversary-of-hamas-attack-on-israel/,en
Countries around the world commemorate the anniversary of Hamas attack on Israel,2024-10-07,https://www.inquirer.com/wires/ap/countries-around-world-commemorate-anniversary-hamas-attack-israel-20241007.html,en
Countries around the world commemorate the anniversary of Hamas attack on Israel,2024-10-07,https://www.newsday.com/news/nation/hamas-attack-israel-anniversary-protests-t71645,en
Countries around the world commemorate the anniversary of Hamas attack on Israel,2024-10-07,https://www.courant.com/2024/10/07/countries-around-the-world-commemorate-the-anniversary-of-hamas-attack-on-israel/,en
Countries around the world commemorate the anniversary of Hamas attack on Israel,2024-10-07,https://abcnews.go.com/International/wireStory/countries-world-commemorate-anniversary-hamas-attack-israel-114555855,en
Countries around the world commemorate the anniversary of Hamas attack on Israel,2024-10-07,https://www.sun-sentinel.com/2024/10/07/countries-around-the-world-commemorate-the-anniversary-of-hamas-attack-on-israel/,en
Ayotte is Not to be Trusted,2024-10-05,https://www.nhgazette.com/2024/10/05/ayotte-is-not-to-be-trusted/,en
The Danger of Politicizing ‘Freedom’,2024-10-04,https://www.theatlantic.com/podcasts/archive/2024/10/the-danger-of-politicizing-freedom/680117/?utm_source=feed,en
Dorothy Whiston Jones obituary,2024-10-03,https://www.theguardian.com/education/2024/oct/03/dorothy-whiston-jones-obituary,en
European leaders weigh in on 'legitimate' issue of illegal immigration: 'Must be stopped',2024-09-28,https://www.foxnews.com/world/european-leaders-weigh-legitimate-issue-illegal-immigration-must-stopped,en
A far right party with Nazi roots is on the brink of power in Austria,2024-09-28,https://www.nbcnews.com/news/world/far-right-party-nazi-roots-brink-power-austria-rcna172984,en
Europe is in thrall to the far right – that’s the result of appeasement by so-called moderates,2024-09-17,https://www.theguardian.com/commentisfree/2024/sep/17/europe-far-right-appeasement-france-populist-progressive,en
Six countries that could mediate possible Russia-Ukraine peace talks,2024-09-12,https://www.newsweek.com/russia-ukraine-talks-war-1951464,en
What If Trump Wins?,2024-09-09,https://www.rollingstone.com/politics/politics-features/if-trump-wins-2024-election-1235096091/,en
"Larry Wilson: As Trump kisses up to Viktor Orbán, the GOP loses its way",2024-09-07,https://www.ocregister.com/2024/09/07/larry-wilson-as-trump-kisses-up-to-viktor-orban/,en
Stars in the east: the shining lights of eastern European wine,2024-09-06,https://www.theguardian.com/food/article/2024/sep/06/stars-in-the-east-the-shining-lights-of-eastern-european-wine,en
The Specter of Nazism Is Haunting Germany,2024-08-29,https://www.nytimes.com/2024/08/29/opinion/germany-afd-elections.html,en
Will Italy’s Right Wing Take Revenge on the Venice Film Festival?,2024-08-26,https://www.hollywoodreporter.com/movies/movie-features/italy-right-wing-politics-venice-film-festival-1235979505/,en
"Government Cronies Co-opt Beloved Hungary Lakeside, Locals Warn",2024-08-18,https://www.ibtimes.com/government-cronies-co-opt-beloved-hungary-lakeside-locals-warn-3740070,en
"Manliness, Cat Ladies, Fertility Panic and the 2024 Election",2024-08-16,https://www.nytimes.com/2024/08/16/opinion/ezra-klein-podcast-election.html,en
Inside JD Vanceâs Inner Circle,2024-09-08,https://www.politico.com/interactives/2024/jd-vance-inner-circle-guide/,en
Bari Weiss Knows Exactly What She’s Doing,2024-08-11,https://www.nytimes.com/2024/08/11/business/media/bari-weiss-free-press.html,en
How JD Vance Thinks About Power,2024-08-03,https://www.nytimes.com/2024/08/03/us/politics/jd-vance-donald-trump-2024-campaign.html,en
30 Great Movie Sequels That Are Better Than The Originals,2024-08-03,https://www.forbes.com/sites/entertainment/article/movie-sequels/,en
J.D. Vance Will Be a More Extremist Christian VP Than Mike Pence,2024-07-27,https://www.rollingstone.com/politics/political-commentary/jd-vance-extremist-christian-vp-mike-pence-1235069117/,en
"EU strips Hungary of key foreign, defense ministerial meeting over Russia ties",2024-07-23,https://www.upi.com/Top_News/World-News/2024/07/23/EU-meeting-taken-away-from-Hungary/5431721723113/,en
How America will change if Trump wins,2024-07-22,https://www.alternet.org/alternet-exclusives/how-america-will-change-if-trump-wins/,en
Several 'leading' conservatives who contributed to Project 2025 now running from it,2024-07-21,https://www.rawstory.com/several-leading-conservatives-who-contributed-to-project-2025-now-running-from-it/,en
What’s really 'fueling' Biden’s 'determination' to stay in race,2024-07-21,https://www.rawstory.com/whats-really-fueling-bidens-determination-to-stay-in-race-former-aides/,en
How America will change if Trump wins,2024-07-21,https://www.rawstory.com/raw-investigates/how-america-will-change-if-trump-wins/,en
Robert Reich debunks the myth that 'corporate tax cuts create jobs',2024-07-21,https://www.rawstory.com/robert-reich-debunks-the-myth-that-corporate-tax-cuts-create-jobs/,en
Reminding ourselves what we’re fighting for,2024-07-21,https://www.rawstory.com/raw-investigates/what-are-we-fighting-for/,en
"Tucker Carlson Portrays Donald Trump, of All People, as Trying to “Return Democracy to the United States”",2024-07-18,https://www.vanityfair.com/news/story/tucker-carlson-2024-republican-national-convention,en
"Nato summit live: Biden pledges new Ukraine weapons package to Zelenskiy, saying: ‘we’ll stay with you’",2024-07-11,https://www.theguardian.com/world/live/2024/jul/11/nato-summit-live-china-accuses-alliance-of-seeking-security-at-expense-of-others-after-ukraine-row,en
Live Election Updates: Biden Campaign Quietly Tests Harris’s Chances vs. Trump,2024-07-11,https://www.nytimes.com/live/2024/07/11/us/biden-news-trump-election,en
"In a scary world, the calamity of Fox Sports’ soccer coverage offers a strange calm",2024-07-05,https://www.theguardian.com/football/article/2024/jul/05/fox-sports-soccer-coverage-us-european-championship-copa-america-alexi-lalas,en
Slovakia's top court approves key parts of a contentious amendment of the penal code,2024-07-03,https://abcnews.go.com/International/wireStory/slovakias-top-court-approves-key-parts-contentious-amendment-111653970,en
Slovakia's top court approves key parts of a contentious amendment of the penal code,2024-07-03,https://www.newsday.com/news/nation/slovakia-penal-code-constitutional-court-fico-j21781,en
Slovakia's top court approves key parts of a contentious amendment of the penal code,2024-07-03,https://www.startribune.com/slovakias-top-court-approves-key-parts-of-a-contentious-amendment-of-the-penal-code/600378245/,en
Hungary's leader is in Ukraine. It's the first visit by Russia's top EU ally since the war began,2024-07-02,https://www.newsday.com/news/nation/russia-ukraine-hungary-viktor-orban-volodymyr-zelenskyy-x99961,en
"‘It was an awakening’: Diane Abbott, Nicola Sturgeon, Rory Stewart and more on the books that shaped their politics",2024-06-29,https://www.theguardian.com/books/article/2024/jun/29/it-was-an-awakening-diane-abbott-nicola-sturgeon-rory-stewart-and-more-on-the-books-that-shaped-their-politics,en
"After Robert Fico’s shooting, Slovakia is heading full throttle towards authoritarianism",2024-06-28,https://www.theguardian.com/commentisfree/article/2024/jun/28/robert-fico-shooting-slovakia-authoritarianism-assassination-far-right,en
Euro 2024: trio of games await as Belgium face crunch Romania clash – live,2024-06-22,https://www.theguardian.com/football/live/2024/jun/22/euro-2024-latest-news-and-buildup-to-georgia-v-czech-republic,en
Ukraine recap: Putin love-in with Kim Jong-un contrasts with western disarray over peace plan,2024-06-20,https://theconversation.com/ukraine-recap-putin-love-in-with-kim-jong-un-contrasts-with-western-disarray-over-peace-plan-232921,en
"Morning Mail: nuclear questions mount, Labor pressed on gambling, Hezbollah warning",2024-06-19,https://www.theguardian.com/australia-news/article/2024/jun/20/morning-mail-nuclear-questions-mount-labor-presssed-on-gambling-hezbollah-warning-ntwnfb,en
"Germany vs. Hungary final score, result: Musiala and Gundogan send hosts through to Euro 2024 knockout stages",2024-06-19,https://www.sportingnews.com/au/football/news/germany-hungary-live-score-result-euro-2024/b93e9ffd66035dfc67ce6ea3,en
EU leaders move closer towards giving second term to Ursula von der Leyen,2024-06-17,https://www.theguardian.com/world/article/2024/jun/18/eu-leaders-move-closer-towards-giving-second-term-to-ursula-von-der-leyen,en
"Peter Pellegrini, a close ally of the populist prime minister, is sworn in as Slovakia's president",2024-06-15,https://www.newsday.com/news/nation/slovakia-president-pellegrini-fico-t92939,en
"Peter Pellegrini, a close ally of the populist prime minister, is sworn in as Slovakia's president",2024-06-15,https://abcnews.go.com/International/wireStory/peter-pellegrini-close-ally-populist-prime-minister-sworn-111148904,en
"Peter Pellegrini, a close ally of the populist prime minister, is sworn in as Slovakia's president",2024-06-15,https://www.startribune.com/peter-pellegrini-a-close-ally-of-the-populist-prime-minister-is-sworn-in-as-slovakias-president/600373749/,en
Political football: how multicultural Hungary contrast Orbán’s dogma,2024-06-14,https://www.theguardian.com/football/article/2024/jun/14/political-football-how-multicultural-hungary-contrast-orbans-dogma,en
Here are some key races to watch in the EU Parliament elections,2024-06-08,https://www.newsday.com/news/nation/european-election-key-countries-parliament-l16124,en
Orban Critic Draws Masses In Hungary On Eve Of EU Vote,2024-06-08,https://www.ibtimes.com/orban-critic-draws-masses-hungary-eve-eu-vote-3733917,en
Here are some key races to watch in the EU Parliament elections,2024-06-08,https://www.seattletimes.com/nation-world/world/here-are-some-key-races-to-watch-in-the-eu-parliament-elections/?utm_source=RSS&utm_medium=Referral&utm_campaign=RSS_all,en
Here are some key races to watch in the EU Parliament elections,2024-06-08,https://abcnews.go.com/International/wireStory/key-races-watch-eu-parliament-elections-110950085,en
Here are some key races to watch in the EU Parliament elections,2024-06-08,https://www.startribune.com/here-are-some-key-races-to-watch-in-the-eu-parliament-elections/600372000/,en
Worst Censorship of May: Big Tech Targets Candidates and Hamas Critics,2024-06-07,https://www.newsbusters.org/blogs/free-speech/catherine-salgado/2024/06/07/worst-censorship-may-big-tech-targets-candidates-and,en
"Germany targets Euro 2024 title at home, braces for Group A foes Scotland, Hungary and Switzerland",2024-06-07,https://www.newsday.com/sports/soccer/euro-germany-scotland-hungary-switzerland-r59259,en
Homeboys Germany And Reborn Hungary Headline Group A At The Euros,2024-06-05,https://www.ibtimes.com/homeboys-germany-reborn-hungary-headline-group-euros-3733637,en
How U.S.-Hating ‘New Putin’ Emerged From the Shadows,2024-06-03,https://www.thedailybeast.com/how-viktor-orban-emerged-from-the-shadows-as-the-new-putin,en
Orban Steps Up Rhetoric Over Ukraine War As Elections Near,2024-06-01,https://www.ibtimes.com/orban-steps-rhetoric-over-ukraine-war-elections-near-3733376,en
First TV Debate in 18 Years Is Sign of Change in Orban’s Hungary,2024-05-30,https://www.bloomberg.com/news/articles/2024-05-30/first-tv-debate-in-18-years-is-sign-of-change-in-orban-s-hungary?srnd=politics-vp,en
"Robert Fico, Consummate Survivor",2024-05-26,https://spectator.org/robert-fico-consummate-survivor/?utm_source=rss&utm_medium=rss&utm_campaign=robert-fico-consummate-survivor,en
Toxic Political Culture Has Even Some Slovaks Calling Country ‘a Black Hole.’,2024-05-19,https://www.nytimes.com/2024/05/19/world/europe/slovakia-politics-black-hole.html,en
‘The genie is out of the bottle’: Robert Fico shooting highlights far wider crisis in Slovakia,2024-05-17,https://www.theguardian.com/world/article/2024/may/17/the-genie-is-out-of-the-bottle-robert-fico-shooting-highlights-far-wider-crisis-in-slovakia,en
Robert Fico’s allies warn of political war – they will use it to justify the dismantling of our democracy,2024-05-17,https://www.theguardian.com/commentisfree/article/2024/may/17/robert-fico-shooting-slovakia-political-war,en
Authorities charge suspect in assassination attempt on Slovak PM,2024-05-16,https://www.mercurynews.com/2024/05/16/authorities-charge-suspect-in-assassination-attempt-on-slovak-pm/,en
Slovak authorities charge 'lone wolf' with assassination attempt on the prime minister,2024-05-16,https://www.newsday.com/news/nation/slovakia-prime-minister-shooting-fico-m07735,en
Slovakia’s Politics Were Toxic Long Before Its Prime Minister Was Shot,2024-05-16,https://www.nytimes.com/2024/05/16/world/europe/slovakia-fico-toxic-politics.html,en
Slovak authorities charge ‘lone wolf’ with assassination attempt on the prime minister,2024-05-16,https://www.ocregister.com/2024/05/16/slovak-authorities-charge-lone-wolf-with-assassination-attempt-on-the-prime-minister/,en
Slovak authorities charge ‘lone wolf’ with assassination attempt on the prime minister,2024-05-16,https://www.centralmaine.com/2024/05/16/slovak-authorities-charge-lone-wolf-with-assassination-attempt-on-the-prime-minister/,en
"Man accused of shooting Slovak prime minister had ""political motivation,"" minister says",2024-05-16,https://www.cbsnews.com/news/slovak-prime-minister-attempted-assassination-gunman-charged-murder/,en
"'Lone wolf' charged with shooting Slovak prime minister, interior minister says",2024-05-16,https://www.pbs.org/newshour/world/lone-wolf-charged-with-shooting-slovak-prime-minister-interior-minister-says,en
Live Updates: Suspect Is Charged in Attempted Killing of Slovakia’s Leader,2024-05-16,https://www.nytimes.com/live/2024/05/16/world/slovakia-prime-minister-fico-shot,en
Here are the latest developments.,2024-05-16,https://www.nytimes.com/live/2024/05/16/world/slovakia-prime-minister-fico-shot/prime-minister-robert-fico-shooting-slovakia,en
"Slovakia's prime minister expected to survive assassination attempt, deputy says",2024-05-15,https://www.latimes.com/world-nation/story/2024-05-15/slovakias-prime-minister-wounded-in-shooting,en
Slovakia has largely charted its own course since the fall of the Soviet Union.,2024-05-15,https://www.nytimes.com/live/2024/05/15/world/slovakia-prime-minister-fico-shooting/slovakia-has-largely-charted-its-own-course-since-the-fall-of-the-soviet-union,en
Who is Robert Fico? | Slovakia,2024-05-15,https://www.theguardian.com/world/article/2024/may/15/who-is-robert-fico,en
"Slovakia’s populist prime minister shot in assassination attempt, shocking Europe before elections",2024-05-15,https://www.chicagotribune.com/2024/05/15/slovakias-populist-prime-minister-shot-in-assassination-attempt-shocking-europe-before-elections/,en
"Slovakia’s populist prime minister shot in assassination attempt, shocking Europe before elections",2024-05-15,https://www.denverpost.com/2024/05/15/slovakias-populist-prime-minister-shot-in-assassination-attempt-shocking-europe-before-elections/,en
"Slovakian Prime Minister Robert Fico in life-threatening condition after being shot, his Facebook profile says",2024-05-15,https://www.pbs.org/newshour/world/slovakian-prime-minister-robert-fico-in-life-threatening-condition-after-being-shot-his-facebook-profile-says,en
"Who Is Robert Fico, the Slovakian Prime Minister?",2024-05-15,https://www.nytimes.com/2024/05/15/world/europe/robert-fico-slovakia.html,en
Slovak defense minister says doctors are fighting for life of prime minister who was shot,2024-05-15,https://www.twincities.com/2024/05/15/slovak-defense-minister-says-doctors-are-fighting-for-life-of-prime-minister-who-was-shot/,en
Slovakian Prime Minister In Life-Threatening Condition After Being Shot,2024-05-15,https://www.huffpost.com/entry/slovakias-prime-minister-injured-in-shooting_n_6644b542e4b00df0c6b69ca5,en
Slovakian prime minister in life-threatening condition after being shot,2024-05-15,https://www.centralmaine.com/2024/05/15/slovakias-prime-minister-wounded-in-shooting/,en
Slovakia’s populist prime minister shot multiple times in attempted assassination,2024-05-15,https://www.twincities.com/2024/05/15/slovakias-populist-prime-minister-shot-multiple-times-in-attempted-assassination/,en
Live Updates: Slovakia’s Prime Minister in ‘Life-Threatening’ Condition After Shooting,2024-05-15,https://www.nytimes.com/live/2024/05/15/world/slovakia-prime-minister-fico-shooting,en
Slovakia's prime minister shot and gravely injured in 'attempted assassination',2024-05-15,https://www.nbcnews.com/news/world/slovakian-prime-minister-robert-fico-shot-rcna152348,en
"Slovak prime minister in life-threatening condition after being shot, his Facebook profile says",2024-05-15,https://www.baltimoresun.com/2024/05/15/slovak-prime-minister-in-life-threatening-condition-after-being-shot-his-facebook-profile-says/,en
"Slovakia's populist, pro-Russian prime minister is shot and seriously wounded",2024-05-15,https://www.npr.org/2024/05/15/1251543187/slovakia-prime-minister-robert-fico-shot,en
"Slovak prime minister in life-threatening condition after being shot, his Facebook profile says",2024-05-15,https://www.denverpost.com/2024/05/15/slovak-prime-minister-in-life-threatening-condition-after-being-shot-his-facebook-profile-says/,en
"Slovak prime minister in life-threatening condition after being shot, his Facebook profile says",2024-05-15,https://www.mercurynews.com/2024/05/15/slovak-prime-minister-in-life-threatening-condition-after-being-shot-his-facebook-profile-says/,en
"Slovakian prime minister in life-threatening condition after being shot, his Facebook profile says",2024-05-15,https://abcnews.go.com/International/wireStory/slovakias-prime-minister-injured-shooting-110259097,en
Monday Briefing: Xi Jinping Visits Europe,2024-05-05,https://www.nytimes.com/2024/05/05/world/asia/xi-jinping-france-israel-jazeera-asia.html,en
'Revolution' In Air As Actor Stumps For Hungary Opposition,2024-05-05,https://www.ibtimes.com/revolution-air-actor-stumps-hungary-opposition-3731276,en
Belt and Road Hungary Prepares Warm Welcome for Xi Jinping's European Tour,2024-04-30,https://www.breitbart.com/europe/2024/04/30/belt-and-road-hungary-prepares-warm-welcome-for-xi-jinpings-european-tour/,en
"Suddenly, Chinese Spies Seem to Be Popping Up All Over Europe",2024-04-27,https://www.nytimes.com/2024/04/27/world/europe/china-spies.html,en
Orbán challenger leads protest calling for child protection after sexual abuse scandal in Hungary,2024-04-26,https://www.foxnews.com/world/orban-challenger-leads-protest-calling-child-protection-sexual-abuse-scandal-hungary,en
Orbán challenger leads protest calling for child protection after sexual abuse scandal in Hungary,2024-04-26,https://www.newsday.com/news/nation/orban-challenger-stages-protest-hungary-l01636,en
Orbán challenger leads protest calling for child protection after sexual abuse scandal in Hungary,2024-04-26,https://abcnews.go.com/International/wireStory/orbn-challenger-leads-protest-calling-child-protection-after-109701351,en
"Hungary's Orbán urges European conservatives, and Trump, toward election victories at CPAC event",2024-04-25,https://www.newsday.com/news/nation/hungarys-orban-boosts-trump-at-cpac-event-c31147,en
"Hungary's Orbán urges European conservatives, and Trump, toward election victories at CPAC event",2024-04-25,https://abcnews.go.com/International/wireStory/hungarys-orbn-urges-european-conservatives-trump-election-victories-109619288,en
"Hungary’s Orbán urges European conservatives, and Trump, toward election victories at CPAC event",2024-04-25,https://www.seattletimes.com/nation-world/world/hungarys-orban-urges-european-conservatives-and-trump-toward-election-victories-at-cpac-event/?utm_source=RSS&utm_medium=Referral&utm_campaign=RSS_all,en
"Hungary's Orbán urges European conservatives, and Trump, toward election victories at CPAC event",2024-04-25,https://www.startribune.com/hungarys-orban-urges-european-conservatives-and-trump-toward-election-victories-at-cpac-event/600361543/,en
Orban Critic Under Investigation In Hungary,2024-04-18,https://www.ibtimes.com/orban-critic-under-investigation-hungary-3730027,en
The pro-Putin far right is on the march across Europe – and it could spell tragedy for Ukraine,2024-04-11,https://www.theguardian.com/commentisfree/2024/apr/11/putin-far-right-europe-ukraine-eu-slovakia-russian,en
Attorney lays out plan to challenge Orban,2024-04-08,https://www.arkansasonline.com/news/2024/apr/08/attorney-lays-out-plan-to-challenge-orban/,en
Ukraine War Sceptic Peter Pellegrini Elected President of Slovakia,2024-04-07,https://www.breitbart.com/europe/2024/04/07/ukraine-war-sceptic-peter-pellegrini-elected-president-of-slovakia-cementing-populist-hold-on-power/,en
A close ally of populist prime minister tops a pro-Western diplomat to become Slovakia's president,2024-04-06,https://www.newsday.com/news/nation/slovakia-presidential-election-korcok-pellegrini-fico-e71189,en
Challenger to Hungary's Orbán announces new political alternative to tens of thousands of supporters,2024-04-06,https://www.newsday.com/news/nation/hungary-orban-magyar-h15219,en
Challenger to Hungary's Orbán announces new political alternative to tens of thousands of supporters,2024-04-06,https://abcnews.go.com/International/wireStory/challenger-hungarys-orbn-announces-new-political-alternative-tens-108944828,en
A close ally of populist prime minister tops a pro-Western diplomat to become Slovakia’s president,2024-04-06,https://abcnews.go.com/International/wireStory/pro-western-diplomat-faces-ally-populist-premier-race-108937420,en
Challenger to Hungary’s Orbán announces new political alternative to tens of thousands of supporters,2024-04-06,https://www.seattletimes.com/news/challenger-to-hungarys-orban-announces-new-political-alternative-to-tens-of-thousands-of-supporters/?utm_source=RSS&utm_medium=Referral&utm_campaign=RSS_all,en
Pro-Western diplomat faces an ally of populist premier in a race for Slovakia’s presidency,2024-04-06,https://www.seattletimes.com/news/pro-western-diplomat-faces-an-ally-of-populist-premier-in-a-race-for-slovakias-presidency/?utm_source=RSS&utm_medium=Referral&utm_campaign=RSS_all,en
Challenger to Hungary's Orbán announces new political alternative to tens of thousands of supporters,2024-04-06,https://www.startribune.com/challenger-to-hungarys-orban-announces-new-political-alternative-to-tens-of-thousands-of-supporters/600356878/,en
A close ally of populist prime minister tops a pro-Western diplomat to become Slovakia's president,2024-04-06,https://www.startribune.com/pro-western-diplomat-faces-an-ally-of-populist-premier-in-a-race-for-slovakias-presidency/600356850/,en
A pro-Western career diplomat faces an ally of the populist premier in Slovakia's presidential vote,2024-04-05,https://www.newsday.com/news/nation/slovakia-presidential-election-korcok-pellegrini-fico-o83369,en
A pro-Western career diplomat faces an ally of the populist premier in Slovakia's presidential vote,2024-04-05,https://www.startribune.com/a-pro-western-career-diplomat-faces-an-ally-of-the-populist-premier-in-slovakias-presidential-vote/600356557/,en
A pro-Western career diplomat faces an ally of the populist premier in Slovakia's presidential vote,2024-04-05,https://abcnews.go.com/International/wireStory/pro-western-career-diplomat-faces-ally-populist-premier-108884536,en
Trump and the F-Word,2024-03-27,https://www.newyorker.com/books/under-review/why-we-cant-stop-arguing-about-whether-trump-is-a-fascist,en
Former Hungarian insider releases audio he says is proof of corruption in embattled Orbán government,2024-03-26,https://www.seattletimes.com/nation-world/world/former-hungarian-insider-releases-audio-he-says-is-proof-of-corruption-in-embattled-orban-government/?utm_source=RSS&utm_medium=Referral&utm_campaign=RSS_all,en
Former Hungarian insider releases audio he says is proof of corruption in embattled Orbán government,2024-03-26,https://www.startribune.com/former-hungarian-insider-releases-audio-he-says-is-proof-of-corruption-in-embattled-orban-government/600354092/,en
Former Hungarian insider releases audio he says is proof of corruption in embattled Orbán government,2024-03-26,https://www.newsday.com/news/nation/hungarian-insider-publishes-recording-government-misconduct-f91863,en
A pro-West diplomat and an ally of populist premier to meet in runoff for Slovakia's presidency,2024-03-23,https://abcnews.go.com/International/wireStory/slovaks-elect-successor-female-president-ally-populist-premier-108421588,en
Korcok Tipped To Halt Slovakia's Shift Towards Russia,2024-03-24,https://www.ibtimes.com/korcok-tipped-halt-slovakias-shift-towards-russia-3727966,en
"Divided Over Ukraine War, Slovakia Votes For President",2024-03-23,https://www.ibtimes.com/divided-over-ukraine-war-slovakia-votes-president-3727917,en
A pro-West diplomat and an ally of populist premier to meet in runoff for Slovakia's presidency,2024-03-23,https://www.newsday.com/news/nation/slovakia-president-election-fist-round-a37113,en
A pro-West diplomat and an ally of populist premier to meet in runoff for Slovakia's presidency,2024-03-23,https://www.startribune.com/slovaks-elect-successor-to-first-female-president-an-ally-of-populist-premier-is-expected-to-win/600353519/,en
An ally of Slovakia's populist prime minister is favorite to win the presidential election,2024-03-22,https://www.startribune.com/an-ally-of-slovakias-populist-prime-minister-is-favorite-to-win-the-presidential-election/600353247/,en
An ally of Slovakia's populist prime minister is favorite to win the presidential election,2024-03-22,https://www.newsday.com/news/nation/slovakia-presidential-election-pellegrini-y40396,en
Tom Zirpoli: Donald Trump’s takeover of the GOP is now complete,2024-03-20,https://www.baltimoresun.com/2024/03/20/tom-zirpoli-donald-trumps-takeover-of-the-gop-is-now-complete-commentary/,en
"Channel 4 Acquires ‘After the Party’ From ITV Studios, Disney+ Starts Production on ‘Vienna Game’ – Series Mania Bulletin",2024-03-20,https://variety.com/2024/tv/global/channel-4-disney-series-mania-arri-1235947045/,en
Full Frame Documentary Film Festival Unveils Lineup Led by 'Girls State' (EXCLUSIVE),2024-03-14,https://variety.com/2024/film/news/full-frame-documentary-film-festival-lineup-girls-state-1235938374/,en
"Bitcoin, Ethereum, Dogecoin Trade Mixed As ETH Finalizes 'Dencun' Upgrade; Potential Trump Vice Presidential Pick Kristi Noem Sued Over Social Media Post Promoting Texas Dentist - Top Headlines Today While US Slept",2024-03-14,https://www.benzinga.com/news/24/03/37700926/bitcoin-ethereum-dogecoin-trade-mixed-as-eth-finalizes-dencun-upgrade-potential-trump-vice-president,en
Biden says US needs fair tax code to ‘make this country great’ in speech on $7.3tn budget plan – as it happened,2024-03-11,https://www.theguardian.com/us-news/live/2024/mar/11/election-updates-trump-biden-politics-latest,en
Genocide and the Horse Race,2024-03-09,https://www.nhgazette.com/2024/03/09/genocide-and-the-horse-race/,en
"Trump meets with Hungary's Viktor Orban, continuing his embrace of autocrats",2024-03-08,https://www.latimes.com/politics/story/2024-03-08/trump-meets-with-hungarys-viktor-orban-continuing-his-embrace-of-autocrats,en
How to Watch the Oscars 2024 Around the World,2024-03-07,https://www.hollywoodreporter.com/movies/movie-news/how-to-watch-2024-oscars-international-anywhere-1235839661/,en
Polish PM Donald Tusk slams Hungary and Slovakia for meeting with Russian foreign minister,2024-03-04,https://www.foxnews.com/world/polish-pm-donald-tusk-slams-hungary-slovakia-meeting-russian-foreign-minister,en
Authoritarian mutual-admiration society: Trump to host Hungary's prime minister at Mar-a-Lago,2024-02-29,https://www.dailykos.com/stories/2024/2/29/2226632/-Authoritarian-mutual-admiration-society-Trump-to-host-Hungary-s-Prime-Minister-at-Mar-a-Lago?pm_campaign=blogpm_medium=rsspm_source=,en
A complete timeline of Tom Holland and Zendaya's relationship,2024-03-01,https://www.businessinsider.com/tom-holland-zendaya-relationship-timeline-photos-2021-7,en
Authoritarian mutual-admiration society: Trump to host Hungary's prime minister at Mar-a-Lago,2024-02-29,https://www.dailykos.com/stories/2024/2/29/2226632/-Authoritarian-mutual-admiration-society-Trump-to-host-Hungary-s-Prime-Minister-at-Mar-a-Lago?pm_campaign=blog&pm_medium=rss&pm_source=main,en
"Biden, Trump win Michigan primaries, with caveats",2024-02-28,https://theweek.com/politics/biden-trump-win-michigan-primaries,en
"Trump to Meet Next Week With Orban, Hungary’s Leader",2024-02-28,https://www.nytimes.com/2024/02/28/us/politics/trump-viktor-orban-hungary.html,en
"Ego, Putin or Jets? Reasons for Orban’s Stance on Sweden Perplex Many.",2024-02-27,https://www.nytimes.com/2024/02/27/world/europe/orban-sweden-nato.html,en
Sweden will complete its ‘long farewell to neutrality’ with Nato accession,2024-02-27,https://www.theguardian.com/world/2024/feb/27/sweden-complete-long-farewell-neutrality-nato-accession,en
Orban Gives Green Light to Sweden’s NATO Bid,2024-02-23,https://www.nytimes.com/2024/02/23/world/europe/sweden-hungary-nato.html,en
Playbook: What the GOP would prefer not to discuss,2024-02-22,https://www.politico.com/newsletters/playbook/2024/02/22/what-the-gop-would-prefer-not-to-discuss-00142605,en
Ursula von der Leyen to seek second term as head of European Commission,2024-02-19,https://www.theguardian.com/world/2024/feb/19/ursula-von-der-leyen-to-seek-second-term-as-head-of-european-commission,en
On the U.S.-Supported Genocide in Gaza,2024-02-09,https://www.nhgazette.com/2024/02/09/on-the-u-s-supported-genocide-in-gaza/,en
Will the Heritage Foundation’s Project 2025 Turn Trumpism Into a Governing Agenda?,2024-02-08,https://www.thenation.com/article/politics/will-the-heritage-foundations-project-2025-turn-trumpism-into-a-governing-agenda/,en
"Series Mania Lineup: Annette Bening-Starrer ‘Apples Never Fall,’ MGM+’s ‘Hotel Cocaine' and a Leonard Cohen Love Story",2024-02-07,https://variety.com/2024/tv/global/annette-benning-mgm-disney-hbo-europe-1235900672/,en
"Morning Mail: King Charles diagnosed with cancer, charity accused over Aboriginal care, school attendance falls",2024-02-05,https://www.theguardian.com/australia-news/2024/feb/06/morning-mail-king-charles-diagnosed-with-cancer-charity-accused-over-aboriginal-care-school-attendance-falls,en
2024 Isn’t 2022,2024-02-02,https://www.nytimes.com/2024/02/02/briefing/2024-election.html,en
